E_REV,B_TAFEL_ANODE,B_TAFEL_CATHODE,R_OHM,J_LIMITING,ETA_F_MAX,J_CROSSOVER,STACK_CAPEX_EUR_PER_KW,BOP_CAPEX_EUR_PER_KW,CAPEX_EUR_PER_KW,STORAGE_CAPEX_EUR_PER_KG,LCOE_ELECTRICITY_EUR_PER_KWH,DISCOUNT_RATE,STACK_LIFE_HOURS,STACK_LIFETIME_HOURS,COMPRESSOR_EFF,RECTIFIER_EFF,R_DEG_BASE,DELTA_V_CYCLE,V_THRESHOLD_INCREASE,POWER_VARIATION,DEMAND_VARIATION,CAPACITY_FACTOR_VARIATION
1.2282511113352064,0.06835412644468342,0.030825675281679194,0.17394755319695743,3.326243399727354,0.9768621187649169,0.018087763807871367,1045.4489411198851,610.4310960650168,1838.6255564509368,827.6070882271375,0.0675797981239824,0.10674239739759274,71560.39242714053,74046.2047947688,0.7459200966967422,0.943482988445735,3.525820901333558e-06,1.7526207752821912e-05,0.1593214952478436,0.9852110109163792,0.965953522779803,1.122254133867403
1.2236906440409097,0.06555630094541383,0.02681194626656663,0.12566103691904115,3.5088980490433226,0.9871339290238412,0.009105227431613482,1042.4539025613822,531.1930103947338,1950.994786629793,827.7670799575292,0.09141332751964082,0.10389298308311878,67465.02545901811,67463.70280463224,0.7443085984414461,0.9318061505996985,3.0409520069282612e-06,3.119555588016913e-05,0.16058890855834365,1.1229802403361593,0.9637140238723972,0.8432084112054535
1.2413643106396468,0.05606379855389025,0.029399827338425676,0.14659306686900503,3.7850021447005413,0.9790088047149876,0.015373343651568202,898.9076147941296,541.9187071501113,2039.8496428023068,872.4744259673821,0.09137704637105266,0.08241492149910681,76525.57377336615,76172.43400458098,0.7672041959152063,0.9339458444777609,4.168551118324478e-06,2.9543495307060945e-05,0.13239144336612266,1.0577627538127363,0.9545871243516164,0.9502228643797042
1.2406177673661736,0.06399620026895186,0.03159010533808719,0.16631797439359156,3.468529540345289,0.9859723018879673,0.014246822691735299,1057.2111014329353,576.7251552942878,1947.5615217161012,889.3398931303027,0.07520729783299972,0.1004091259449615,72572.5305589692,70294.52121880684,0.8012342342074148,0.9493650036329537,4.214378440706602e-06,2.8642568213430143e-05,0.14038869363509776,0.98070946332164,1.0370023448401609,0.9600034396604009
1.2547746851882569,0.07247421539068433,0.027406659404835,0.1409096863133175,3.246857067595532,0.9921283368993161,0.007524085779130385,1007.446050865728,608.2609161414003,1979.6925501048627,915.7407859005091,0.08595759771443096,0.08532943525689646,73595.3940980419,63321.81544351,0.7685949417369249,0.9565212087343129,2.4823326374470323e-06,1.824128310293002e-05,0.12348143196186875,0.9995281444294607,0.9403858516188505,0.9825559697402768
1.2441358406374945,0.06755336177056376,0.033921375366741356,0.1493331132148572,2.77891534958822,0.9929644364977276,0.009904719570571398,909.6352729421767,626.9655532966877,1980.2511595376034,759.9941075614777,0.07970878395427802,0.09770981668359946,70553.61344313137,74029.04116312548,0.7582465764725232,0.9486266371166022,3.0434547674485887e-06,2.574408462145393e-05,0.16935488510637167,1.1092393809240637,1.0344670900288018,1.0710526356144423
1.2353954301994063,0.06083283858708746,0.03221321783432983,0.15169102170671842,3.323049378470707,0.9880623468817509,0.015468722120239206,997.4766677136878,566.9548937937861,2081.0507841559793,769.2122000420528,0.05701996901067738,0.07013003846321748,69750.20680512501,68680.79863145358,0.7219588938000188,0.9467061208871453,3.7983470393895976e-06,2.567236276099124e-05,0.1500376500462039,0.9649197813603076,0.995753990648332,0.9912445559550231
1.2412413056131217,0.06044782660075054,0.03218863578018921,0.1459755705021154,3.248700411629901,0.9881082118948435,0.006009425393900647,1050.4458635603085,687.3822826282718,1978.9866727963831,736.8177803118323,0.08669061381507259,0.0900431070520504,68628.43066240883,72498.79061607941,0.7944704905302299,0.9514172668462304,2.2562150211981624e-06,1.875724485144001e-05,0.15508978314915195,1.1118651506194432,0.984186645760281,0.9912197752456763
1.2124775142340725,0.06870635643965926,0.035005042561496384,0.15341611232286728,3.800434582680689,0.980881947388045,0.012722534884146309,862.4625028695883,570.9037577984734,1945.669742658574,783.9876536251687,0.09531233482939311,0.08196793987081571,68105.01315428827,65003.13882290194,0.7130497571414578,0.9664869844345039,3.5805524028555698e-06,2.9310340839232386e-05,0.08850792978122296,0.9525733078319677,0.978549632432566,0.6942291352096774
1.2188145425856105,0.07412332728172226,0.029799518419503724,0.14019658743172694,2.908612155647217,0.9898268028270555,0.009031513779528563,1060.6179723964026,599.8734825030137,1951.5357895054758,838.0792660361155,0.08776265292321572,0.0976020786274262,65546.30125051834,72914.6871903732,0.7428449242412101,0.9673781168201555,2.860596910510978e-06,2.17012284343897e-05,0.176666777355306,0.9171492905336031,1.079038479121433,0.848228375423507
1.2441336583062446,0.06481638293691058,0.032008375906318776,0.15197718438191757,2.569225400882661,0.9865875313500049,0.017820726003245413,954.6552825922985,469.898118129562,1891.2141781332057,1014.9752390911771,0.08690109391171721,0.08446253425343052,64840.59809146458,63970.08114919517,0.8070122317117401,0.9371808605069096,3.386467042857829e-06,2.1684671259227284e-05,0.1525130603044449,1.2257925315058023,0.9268295392152963,0.9633539998041851
1.210745362779998,0.051827046351158035,0.033506664806523166,0.14333793612587675,3.6831924802502938,0.9772396399870894,0.012926492808837075,1065.558163805385,592.4535408429932,2281.0790931682536,923.3274438214876,0.06503154211107678,0.07901524393243707,71053.97983388706,71392.0368154219,0.7222478296013668,0.9567515505014815,4.549776836173399e-06,2.558598844289911e-05,0.09961286499040595,1.142053300157802,1.03553640202301,0.9859346808918692
1.237604641882708,0.05816917764536728,0.03150217649232717,0.13128921410525354,3.2038590355018,0.9765620266755696,0.010960830879383368,1017.7053571112649,506.6947528026879,2175.652908588792,1003.909227881394,0.07055574587996001,0.09369601669492453,65356.78450304894,65889.01927707744,0.772427771988023,0.947564714451818,4.257299221425119e-06,3.090854407716163e-05,0.11175467660744792,1.0783400655946715,0.9433645461121589,1.1125591555103778
1.2459809701505888,0.06996761793355986,0.03559509838446433,0.13869168366274684,2.9154189005798443,0.9856962272416885,0.013915876036942334,1028.021055362379,655.4547937906063,1800.8354677039988,837.8890582500283,0.06657057881715576,0.0890904633271753,62908.11590392459,68246.18638695004,0.7082959125820918,0.9652032431772959,3.6031135726772003e-06,2.284693980193864e-05,0.1864057179889535,1.0541687824215635,0.9836395414198271,0.93722331075589
1.2139239516407605,0.06718109325949065,0.026125926767555617,0.19040026694603043,3.357276356577495,0.9864956381963442,0.009203751380615447,1001.6647208884913,544.7722936067713,2006.2144487962726,782.7374354869171,0.051486061497739634,0.08876486016363648,75052.72380715083,63563.23125582545,0.7816898582637744,0.9663461001272,3.116484870224681e-06,1.9459757468043e-05,0.11706082472175125,1.0775341175780642,1.0323375187684933,1.0267264393092779
1.2445333771587155,0.0662341008972652,0.03106953501953203,0.1723942327548937,3.0052536563465226,0.9840324906238753,0.008425368424831815,961.0895853564858,598.6971315343613,1908.8804318619343,800.8436232693003,0.061059273442834044,0.08475885043535289,76797.69712292073,77214.05965249572,0.7535884686380816,0.953148628191279,2.498614995701344e-06,2.0013007756613026e-05,0.1345529258018949,0.9400716367627264,0.9780892271902328,0.8656618531773352
1.2196677124551076,0.05962826776579637,0.03575441893077233,0.1397217221218518,2.8953673598206096,0.9906098538349649,0.008246994472048522,935.351218458828,508.8390150584448,1984.6908682398143,999.3883060430583,0.07227976165773015,0.07800165017146393,76855.05214411707,69186.3495888084,0.7305624230988095,0.9512367264556291,4.790228991838976e-06,2.911681945882544e-05,0.12734103188060233,0.9683514332795046,1.0032378887838822,1.1164852003226247
1.2146165052651057,0.06427258111449366,0.034892155565194385,0.13367881750721167,3.033637962776646,0.9796504494751098,0.008467159507647114,818.6862195690359,667.9750257199519,1824.6978046494887,1005.9782539840937,0.06921027021558684,0.093455788496692,64677.37090435034,70061.29866122297,0.7761305340473911,0.9390840665434088,2.9224762502283834e-06,1.831378255108142e-05,0.12079023222879637,0.912715977551733,1.0782980548771455,1.0548275116060224
1.2018617730464,0.05986332316262541,0.026426877497238408,0.12935699844541815,3.880573377977604,0.990866145246528,0.011789002817439624,1143.594857717135,682.1841830240235,1942.8748131125744,796.8727911396561,0.07698741188844523,0.06497500236245932,70703.12786107414,73359.37471054266,0.7576416036636222,0.9515049388558382,3.4591942341588787e-06,1.9577504681870282e-05,0.12610851455963873,1.0265650814304395,0.9992594436020505,1.0003968281252857
1.23077660072972,0.06062539212594445,0.03415109777213193,0.16026949404805813,3.339494326149265,0.9847267238916297,0.01935991031704493,1186.1900622372566,655.7278874675918,1869.837146102922,893.9324564270366,0.0765993089507757,0.08919678038454384,70760.16644936016,71701.02486952697,0.7283865466332133,0.9492877447661963,2.521832103752451e-06,2.805209697370569e-05,0.08975775141506226,0.9559897865801491,1.0402878465570027,1.0508356400862218
1.2270901756058266,0.0646896146395559,0.033849064754224514,0.16755539251003748,2.9646412561954647,0.9886176853087031,0.016669972054582642,979.4631524792892,631.2476966783688,2109.241782106306,776.146312626499,0.08310512346532253,0.06503904377357479,66560.77612177528,67846.85191158077,0.7140961087858616,0.9487448948721502,3.7071836921444174e-06,2.1955527532471417e-05,0.15981594033203603,1.0387328101490196,0.9600915336892529,1.3086357415202243
1.2307028931505735,0.0637533887575698,0.038922424169231494,0.1377397802170483,3.138565973700786,0.980009473227872,0.008595081075054533,948.5166250944532,534.8252371991749,1949.1192722559547,1062.3263146313273,0.07112504209151888,0.08494425516251639,66025.09563684309,68657.7542883942,0.7373266964109434,0.9460529228570661,3.4218836918179726e-06,1.77915745551373e-05,0.15403070312351586,1.0051248546445954,1.0845128061495486,1.03010007225528
1.2223022346858867,0.07417729200837292,0.03154428857937497,0.1302536578783608,2.9887934979284316,0.9907931221264421,0.007518313454313249,1161.74460825457,581.4749159050473,1850.2699963665932,697.7740314680229,0.06897753437666601,0.0873419843085672,72174.34531744783,63073.81396755167,0.8001945979479108,0.9512165457547704,3.4187350619682997e-06,2.6955320331631184e-05,0.14520748773358136,0.9047425654867546,0.9717952181354089,1.0887840502869677
1.2092674525445117,0.053770602821703886,0.03149901927016288,0.1452215471575019,2.9141363211376734,0.9923010000289806,0.012200976473738863,929.3485625580662,482.83195109086535,1847.0913698829468,676.8143225354277,0.06581649834567714,0.06555566546433872,76664.439580893,69961.65204737663,0.7406056335889866,0.9592885718945507,3.6989524918203626e-06,2.2553385021498698e-05,0.17032008881393104,1.043908532885336,0.93091275061811,1.057166463259254
1.2301988464137983,0.07323541034219805,0.03321197522608005,0.13080257570984125,3.2492541762665983,0.9853707367565371,0.015241093963665924,878.5474121829889,554.766336848657,1963.2647665203735,989.0340450986708,0.08146442257037094,0.08640438972098687,65254.31370034886,72674.1913989746,0.7274340334926969,0.9463437360525192,2.707174860412602e-06,2.003713663055991e-05,0.1286195931022418,1.1977107206642748,0.9963746162954517,0.9599982586913914
1.2215024538534447,0.06125430449253353,0.028085510114228388,0.15170018811523356,2.9721567179987947,0.9872921507051732,0.010763690275017026,936.0060885603137,544.2471124256917,1815.2279591544425,991.145577368934,0.06252669066152353,0.06379689427330763,73954.33996126437,74585.48854013724,0.8024140484988236,0.9549994656007145,3.094015042268855e-06,2.1331554231091545e-05,0.11307117251713972,0.8589008688123774,1.0159681318497158,1.0897213852572254
1.2373156186434426,0.06241079975973722,0.03523019300002221,0.16041347332145872,3.2512418023144196,0.9932613794224486,0.013211667435326972,888.3981962495244,566.683667085389,2014.6156234087678,759.5277082937332,0.06000196715505057,0.0954592392481258,76716.1568603734,70452.03699980227,0.735193300038916,0.9314611552361114,3.249909913997441e-06,2.3666809608751256e-05,0.1416323555902275,0.9930179154587795,1.04846781586526,1.0273575555088783
1.2226849813664276,0.06413253092422755,0.031575500333724076,0.17454054128967858,3.3692390462433726,0.9854367230990554,0.014756378569489609,986.6071172966565,554.7522501833175,1735.6042930960796,891.6588145394953,0.08122281738824794,0.09343360275945832,77247.15886816558,72539.2066842901,0.6905844957319346,0.9623844165475696,4.253857999782473e-06,2.5228327835817612e-05,0.1494504135330461,1.0102885576722245,0.9771613912512553,1.0276447662271349
1.2439316175271458,0.06072413185169305,0.03356345415900738,0.1429606168159288,3.7716054610808576,0.98923988869241,0.010984995777306565,911.5936203192903,458.53903861500646,2087.1517398647593,775.4546124438689,0.04961083817889465,0.08033577479157583,65835.63862390326,63132.02061395371,0.7279922613072128,0.9458128806925438,3.926853087169071e-06,1.9101488078443634e-05,0.08991734514075188,1.0171241629844066,1.0558103095286266,1.0753214550475263
1.2359221143034544,0.05871918019260933,0.031581616862304485,0.16612870657920042,3.259825421816892,0.9801037723098647,0.006852762105392067,981.6345817425802,520.9598197253043,2007.3951881175572,701.1940011586828,0.0822076961454554,0.08132730154068402,67922.15699457188,71778.95210718259,0.7903847773894735,0.9429467486887777,3.5044152973473883e-06,3.0228378233815666e-05,0.11664785957810364,0.9233227887407318,1.0603154132730899,0.8990013547778195
1.2408176620339206,0.07013602720422851,0.02570755508681706,0.1392436277482066,2.792705754037203,0.9889153813361955,0.009825362519140547,993.4347167813851,486.01764934469526,1909.0395605476338,1020.8464603058367,0.08765063159797751,0.08045044819836983,72043.32223354996,69515.90083091469,0.7506061903237751,0.9513072689875949,4.088331411289212e-06,2.2983574268371564e-05,0.15479632004443777,1.1154802165072466,1.0421739277910544,1.0126416931173443
1.202070375112457,0.06255241316321697,0.02976996492016527,0.14074736587946676,3.8507878004763154,0.9804854959030631,0.006549395430036006,1079.4583514745198,515.3499424536541,2118.633553043023,906.7053409685952,0.05543590479995543,0.07115235081326653,69517.44283543568,72829.58895556815,0.7137169729576608,0.941953272525756,4.088303484095029e-06,2.0765541528980412e-05,0.1568479392823284,1.0535738286488632,1.0108253351798329,1.034549039854784
1.2073101231347731,0.07203928150625488,0.03152109337988016,0.16058857867855855,3.2955842187948026,0.9868053278719177,0.011554895199626767,815.438888778749,602.8613458653948,2219.312781027198,926.9053678379132,0.0716966145928169,0.11045248226938996,71244.28809876731,77852.46650725263,0.774532573488278,0.933987918145059,2.7306627348914586e-06,2.956187221702485e-05,0.10201984687328315,1.0077557576474139,1.0732549476106938,1.027787896116049
1.226131719614792,0.05799921899049272,0.028388905208507086,0.1598552889176645,3.3118849210280787,0.9921095935042629,0.013894551562254073,1114.4794582972615,655.537983869998,2132.737860135024,679.1656287790412,0.06883938484200683,0.09939196058269742,62129.13021537855,65272.849785442304,0.8083219053823912,0.9677635341852283,4.2499823930661e-06,2.8143226801677568e-05,0.12418872324634221,0.9326929416020575,0.9705976593646358,1.099295916562616
1.211104833421081,0.06922033885015383,0.038526397586317394,0.1609553942144041,3.3529515166844415,0.97624955971058,0.009813202787869634,990.6513710936434,664.6861735908184,1882.9772415251912,803.7259892960661,0.061135132713437436,0.06824937262329585,68061.72156125298,67461.44112886977,0.7353136979073208,0.9312701454963493,2.330842398278176e-06,1.9772439981332122e-05,0.1646724179122646,1.12183842656464,0.9844834680460295,0.9678284814771512
1.2399630365693437,0.06866683561954103,0.03179486705592452,0.13975401516465707,3.0008402578750943,0.9826231968567353,0.010435644385259122,1059.0392535641076,497.6449472640279,1936.7354196453705,932.1565954100749,0.08004524910047228,0.0891704702357084,65113.6646901573,68483.45075014596,0.7844175261466368,0.965817476068596,3.899323588300326e-06,1.901089741810222e-05,0.1658505977212263,0.8235985972241792,0.9399417217382026,0.9906159154030187
1.2374469854560826,0.06132696737801257,0.03643212886561543,0.15190591821551724,3.5057250823751414,0.9836443173785072,0.011965012101233153,950.9489355424234,540.0195915760094,2003.3231962790464,889.9563820026166,0.08428039061497486,0.07726012845674615,72436.46108541837,72385.19549080638,0.7841310924156533,0.9436761794079849,4.695584155175728e-06,1.8375535338497787e-05,0.12619575169269065,1.0255647621978492,1.036901205136861,1.000872291185349
1.201605135808943,0.07305460097806563,0.027317691849769635,0.18078517497374763,2.663737352883152,0.9766133119648553,0.008070448290328242,971.4613393301104,546.8240656200284,1824.4859996678765,873.8971900774937,0.07161688593053273,0.08975323699639666,64715.66230090859,62874.5944058669,0.7986537232650125,0.9367527005386584,4.459348403900164e-06,2.802145433409683e-05,0.11631119956886803,1.0007474247129602,0.977655884748833,0.9728386942979319
1.2166248045960057,0.06742601092755654,0.026175333893827764,0.1276559738115066,3.2202954687343017,0.9871130599714505,0.009098489877783717,1009.7722116967811,608.2513247032557,2068.7122047220128,752.1774592537557,0.0839047055267224,0.07903970703402852,71155.40961321155,67645.59561275509,0.7592923804225763,0.9454719771757766,3.4936411295391952e-06,2.381116716507473e-05,0.14254461872128416,0.995802406778256,0.8957667258444364,0.9487173499219951
1.249192771306534,0.061573605199697345,0.028983983461604693,0.1794519862786858,3.2356024310534393,0.9849088119148097,0.011366385160644647,968.7797835819109,499.33889619926885,1904.2904189880226,705.1499071535004,0.08822650105831782,0.09394814103310553,69042.91156284309,78607.75808576136,0.7368780591485975,0.9544054447399235,4.061474119258395e-06,1.955132993706424e-05,0.1273649137359258,1.0155681369301668,0.9420931736167214,0.9461423847754691
1.218728976854621,0.07880972752327839,0.03533290158010083,0.13866275003683817,3.827425724508349,0.984293162359773,0.016976886906884456,915.9228743775378,537.3696355264242,2199.780623808083,748.8652894423747,0.07180338814901371,0.08079425999819904,74759.05816872155,63973.62889016364,0.7120059255223417,0.9499190527552984,4.050129975597465e-06,1.8713431031158884e-05,0.13833543849248786,0.87362299609033,0.9493764518432238,0.98866648024443
1.2243111711837753,0.059742910035266696,0.026829033754668948,0.15780577650006639,2.9802195111171312,0.9830910184741373,0.009308788170934806,1094.163643764423,550.8722915344193,1936.1368752434996,866.4091007922225,0.07099479362407547,0.08767764270215912,72184.12190043347,68934.29951826963,0.7521366547531474,0.9484475989269653,3.6614836511969696e-06,2.9211944237528927e-05,0.13394585443680496,1.0183440921318538,1.016104465869788,1.0505538344777792
1.205313760953574,0.06732163036336096,0.036130962575752885,0.16530975614489707,3.5827510595401098,0.9806643333676555,0.013696066406375863,1012.5955315588553,534.091057425006,1905.9901897491536,952.9256960683888,0.06223272030004439,0.08153311987343384,69119.36270930471,67842.20891874292,0.7389292205403885,0.9556787399216563,3.079288615526266e-06,2.3343474543779804e-05,0.10425796535450246,0.9755352383743918,1.0887221921023174,0.8648933355782796
1.232117672795402,0.05364649110286859,0.031098615238328624,0.1492254625448052,3.1151848274867606,0.9911312198930656,0.014428952202683639,917.8019951629702,587.6890440089179,1863.2929074950364,846.8761533392528,0.05900653036602117,0.08586811214655063,63963.57296273477,77836.55862796002,0.7999902116162487,0.9428734592328241,3.040723320839345e-06,1.7123826047388445e-05,0.1144966143864653,1.0659686765426588,0.9284765863709918,0.9777382317575031
1.2426651809417526,0.06481044408060165,0.02862650910172479,0.15704428529545117,3.0298536998923455,0.9835710910799327,0.01443643675331541,1136.3376263348512,507.364105184679,1946.1861490760098,802.0073238180015,0.05920611854116847,0.07814614113238216,68275.65748890459,68748.3736729343,0.7999169156556889,0.9526286186991147,4.422157772864434e-06,2.637357711918426e-05,0.11153804249229134,1.0085275462217134,0.9188404607135786,0.8946272691250853
1.222889564175665,0.06395175580473653,0.03430183331942505,0.13660804591194653,3.1175417493358415,0.9846293043765463,0.008760698745419952,985.3150682017806,563.3594805319614,2062.2693269513243,792.5959884015048,0.0889221403402885,0.06202348180953887,63090.57754932144,64125.48244051177,0.7862516337208592,0.9546516248831829,3.5265447748863014e-06,1.998975378602148e-05,0.09526878829353191,0.9406403613935597,0.9831971772502732,0.8658809043686969
1.2351318027182816,0.05786597692196939,0.03332752918247083,0.16133277354126385,3.3168481936927163,0.988199429819015,0.008028090538447975,901.8320090946115,538.6560374621196,1875.844736099843,713.9497006651928,0.0674584285724381,0.09214598644688725,71181.71643956836,66483.15121639165,0.7826857693794314,0.9448115354597771,4.621270445381294e-06,2.3385770399897922e-05,0.18206425946265606,1.0740600875765267,0.9946329076538902,0.9910931924035837
1.2402949993153525,0.0640458872100646,0.03412554904256558,0.1640746916482122,2.62143206333958,0.9864327558016899,0.016149058583923237,1051.082154795869,587.2610406893491,1910.6616875057387,759.399415529652,0.07112841124865477,0.10872198933989312,75363.80365752778,67087.93620508273,0.7919395260786152,0.9409823263380749,4.016867317785684e-06,2.0804590295530713e-05,0.11569982786688904,1.074173386466298,0.963304937865571,0.9223201500736422
1.1936376235570543,0.06059380686239438,0.03309236408965643,0.15192639234211072,3.0659364709850734,0.9886589385106993,0.008066641287919602,1026.7501266331797,626.8055667269875,1949.6782275879561,655.029768280793,0.058451488775216616,0.10024534371062616,70085.11121006736,71812.24524463555,0.7647487615013652,0.9448035973786799,4.288724516842444e-06,1.74998934977605e-05,0.17132313975363128,1.1099652687250436,1.0303803688658333,0.9495648236939352
1.226779490652514,0.059215471626582694,0.036330891932745836,0.1705502395585846,2.9683955657140517,0.990456514922637,0.016217446940567225,930.5918750106231,636.6667131696847,1944.4512569112014,860.1312977448001,0.061226814217639786,0.1001721563003199,75209.04050972269,69764.12426628279,0.7534699576181991,0.9429264506878049,4.164222192721967e-06,1.7588107428807466e-05,0.17437398481005248,1.0540998740928467,1.0036504398884722,1.053622325943938
1.2345703974627058,0.06452481268969765,0.027385139300151514,0.1441568243483442,3.000211222880254,0.9743575853022629,0.015376217128674876,845.8296321350073,458.2696142462343,2023.8313695923482,703.3782878310084,0.05944594300548196,0.07553202288098357,69964.51658059351,69222.09645502646,0.7471475017205417,0.954064363752769,3.0706101935302764e-06,1.6667416502898202e-05,0.13095649413752822,0.9370687187594546,1.0704255038014556,0.9458287173610933
1.2342252761639956,0.07704944510495958,0.03172212114599083,0.14905800138929093,3.0792379985222116,0.9882093437742637,0.007063169053381256,1147.1165231171474,555.1471263261859,2077.4820259466214,697.0224676660492,0.0939093022290144,0.11891625587273325,65469.91523134261,72177.46711917648,0.7819331911142224,0.9628040213553143,2.9106539391865355e-06,1.9382017715407864e-05,0.1746974554848505,0.9361374921314094,0.9593793700453764,1.0106707012513758
1.2166153266068263,0.058479462109436005,0.03437007608569358,0.16347348694815433,2.6852930025387822,0.982834658733461,0.009433790451730671,991.2593734878631,634.8501045242961,1914.0909673856304,1038.6427116482773,0.07123907980761819,0.09854659498646814,74965.19063737306,65307.112952003095,0.7481211151698138,0.9466336388342527,3.4350198832037965e-06,1.901080022077343e-05,0.10873307687751538,1.1454309752307725,1.0057697235910252,0.9639989783952766
1.2181560386860328,0.06341307455959591,0.036393910703219484,0.13902253598701375,3.036153374237063,0.9843239323109074,0.011140725144012292,898.5187390563448,608.8116969499742,2091.521469061009,819.4084000993512,0.06379877339428566,0.08535816420340159,67593.25045977507,73042.33448750983,0.7397145134275073,0.9580598501335988,3.5309395738329004e-06,2.0169912867797236e-05,0.15004227184888308,1.0295382095116854,0.9688642857395305,1.0919195023090353
1.2367846757220047,0.0672525066523248,0.033682044673062,0.15343629236799705,3.1251844918868974,0.9863078162510738,0.013125119188853163,874.5761566484111,661.8847955168663,2161.7999696576694,775.2951359163636,0.08252530644004293,0.07489125194202838,65228.89941665142,69617.06526139195,0.795413259174548,0.9521355647947561,3.244895337784379e-06,1.8960034157024995e-05,0.1348673622425784,0.8571339098812776,1.01362064260939,0.9868656241804598
1.2293897951116357,0.06602015892197269,0.03077214470473391,0.1519741060612588,3.820233562419252,0.9794854221625588,0.013834542458025746,844.7119247746339,484.9713438102542,1929.1464271284517,894.4537279996853,0.09028090100323352,0.07424194833464026,69038.35177481857,74367.43684966848,0.7035399856248744,0.9634734790168842,2.1701890693518825e-06,2.0212838273489057e-05,0.141782474291944,0.9613400394471975,1.0276894689016898,1.1289198099659477
1.2222447046788347,0.07418564918559922,0.035277674046622194,0.13074798605238672,2.9672773130601344,0.9765860147371145,0.010125082047754693,929.5399115293469,483.8422743499861,1908.7330327369682,814.0131087886703,0.059594100029895306,0.06530924737491783,67012.94790255922,68913.45858385897,0.7443534853525497,0.9625699902368009,3.7915742514377192e-06,2.3595928940472207e-05,0.11643303662055013,1.0244625734788766,0.9904877247737253,0.9422002190866554
1.222211915384663,0.06278426315050781,0.0319231036138671,0.151597485669873,3.7957441756138137,0.9875342969914553,0.011952797050166214,931.1762302101563,570.7490019258405,1965.6049347937226,870.5611869857761,0.08928692953311,0.07717738223270704,67866.87153376137,68843.97705830241,0.7314651627561134,0.9467335578865611,4.753012581789191e-06,2.133856759893093e-05,0.15348798439627817,1.0577331905282499,0.9823918296369013,1.0672797024560159
1.2000334787576443,0.07004957178314447,0.03222073936965621,0.14157520697612852,2.6794816927172755,0.9931852822225692,0.012219945733460677,1055.1770613537763,642.0148881054755,2044.094615129471,763.2449754014336,0.094471918780896,0.0784848061937684,71389.22964827246,70846.16450639795,0.7573832312930177,0.9507178446300555,5.30777529272314e-06,2.277640909589485e-05,0.15311521284535967,0.9206017377546689,0.9297264458703098,0.9768904491509772
1.21088594989611,0.07417930445447732,0.030197610240417696,0.16786070905349482,3.217004008850695,0.9821311285789271,0.01659542263466332,1085.6896962993142,545.4120571901847,2224.9475588199007,773.1072391235436,0.08208543001022356,0.09232602224243912,69706.29199257575,62482.15513419326,0.7878911599432712,0.9515312701858449,3.190280808077593e-06,2.108611165649483e-05,0.14219810545336675,0.9927157025194852,1.0426962158250495,1.0193218115650382
1.2500933587368785,0.056928011511342275,0.032119107108076785,0.17092108204347456,2.9721707080815394,0.988505398152246,0.011032426417692323,1095.768253335362,572.2609978358838,2262.188867219659,777.9461031230775,0.057258970515670846,0.08036819220289601,73354.91910128365,70404.71481168535,0.7927548796264746,0.9678769063551097,4.6751606554851346e-06,1.902876621477403e-05,0.13726789250355373,0.9689480576859019,1.0180145053878895,0.8610662867195921
1.2270324654596112,0.05968529657867452,0.02910169071200567,0.13706503926016253,3.5420349013190506,0.9907801434914854,0.007786966544208152,931.7018991057242,587.3453960904653,2049.54463543805,824.7215962359918,0.0707480068401235,0.09501919829988298,69369.7822375783,77167.08060754706,0.7350699429681754,0.9394575946001134,2.9414551816344434e-06,1.7363705199713457e-05,0.17265616541409423,0.9153837135829892,0.9725065301420973,1.0166747862725718
1.2339649119317744,0.07015819566449939,0.033204576708850436,0.13859414222713484,2.8066902728416836,0.9836943289203135,0.013924086712175555,1037.2695362135426,551.6199325895469,2026.9351498005376,945.9471371687127,0.05454665688193111,0.08671206477958254,73012.47700967276,74089.41783355163,0.7263390346802375,0.9496759884438407,3.1449057127381927e-06,2.0154284512507362e-05,0.15599965577832448,1.1372623341349848,0.9826241450410376,0.9377869329508968
1.2194330746164328,0.06526626999571822,0.038868172416924175,0.13244054374674186,3.1398003212361862,0.9840790438503997,0.008930803696891816,1092.0040849711354,568.7296986962527,2014.628201668873,788.7872730565109,0.07293521454575207,0.09471802724269741,66306.74405267967,67276.86747412774,0.7364757724827998,0.9502886252527876,3.3180002665780197e-06,2.268446155581721e-05,0.13814863548708942,0.8908578370540977,0.9600279510726625,1.080942282674682
1.2267367367250068,0.07675110992460524,0.02674069281236647,0.1340163727022899,3.1035615998247277,0.9928917511592285,0.008226445184845697,939.7723537687973,519.2292829641136,1919.6508565424047,711.0673634471988,0.07548999181407118,0.06907176128110391,77768.42624982123,65500.02412842488,0.7337854332252215,0.9364368965465966,3.915476897101163e-06,2.1575586787766695e-05,0.13202090828907515,0.9136727273903369,0.9947989858051508,0.9538220364043056
1.237526072424436,0.06547834553641199,0.031148632049128204,0.1511444929737945,3.3692669566712423,0.9856712041554753,0.007395823885447287,958.2570394464768,680.2299383428029,1858.3698830953986,942.6405232352653,0.06275838790796276,0.07628431566083235,62881.706030531896,64631.69861570339,0.7669975530782556,0.9657398220848842,2.9899196374899776e-06,2.066310015753108e-05,0.10197504304144382,0.9591079681288034,0.9940853189878976,1.0213114023552599
1.2062494396767458,0.07070464042638247,0.03257310787007344,0.1337349514427764,3.013059793738857,0.980956935940938,0.007384882253593743,971.1928798330592,636.8930423836928,1957.4584990550024,872.9790022701396,0.07223277482100365,0.08731155210684878,69055.79650275726,64945.42111649416,0.816987030195546,0.942243734121464,3.1067039417507944e-06,1.9720973710549765e-05,0.14708027021236716,0.9624225063416788,0.9291048907353718,1.2175337108917437
1.2344491029657636,0.06345446735069153,0.03512263665870198,0.16536425492490886,2.998724945191264,0.9873097244264161,0.008819370732674397,895.3235187897487,563.6025467546453,1990.0859565908795,1091.070629590004,0.0948393014811261,0.0860725938962425,71823.32136819785,66440.99520755374,0.7715272328757727,0.9572955860777298,4.903567556893456e-06,1.866270939203786e-05,0.12711407347907097,1.0323711478187094,1.070434686550186,1.061006603196462
1.2277838334618976,0.07354211233499529,0.0314481386344907,0.1628531560762898,3.1359026358112567,0.9809510298105586,0.015693400649338288,864.249843015357,594.3992655997749,1821.1819857835035,826.4432147168052,0.0719943712911349,0.07782449291774815,63586.75377426872,71474.07795259087,0.7492976437593455,0.9530320836790469,3.2823354692388084e-06,2.5717779459745545e-05,0.14652918478564658,0.8912099365651143,0.9111964527188913,1.1273970674291354
1.2155984006465492,0.05678958075183585,0.02856338989894771,0.1513032722823358,3.2838843041663077,0.9895905701426005,0.00786217739074016,1057.731425242689,665.7650983708548,1892.4640236731188,765.4650746515748,0.06656684636413307,0.09386575724238562,63975.29323062766,69121.51586084181,0.7424331488564125,0.9630057910908859,3.034733813166507e-06,2.416899369439712e-05,0.1500848742039665,0.8922114278199811,1.0090812308621007,0.8495348651517769
1.2302683830705607,0.05591081245703978,0.0351650269853763,0.1689135469498103,2.6142254852161804,0.9762026896786677,0.01130911120021653,1068.508104151126,530.9164453089024,1916.6424660518435,906.4151655740857,0.05324392701567047,0.09932958317636295,77411.46156925743,73582.87484035644,0.8076725435131218,0.950188748329973,2.811799701455278e-06,2.7473667120510248e-05,0.18724216362329388,1.061385815003769,1.0254517124287634,1.1830854552556904
1.2238920386204268,0.054601459755791365,0.02836380309199745,0.13521908054411869,3.235631014425998,0.985158057752524,0.019585701158915215,975.66308800933,515.2799340070382,1782.36495464593,901.9031609023529,0.070941899368812,0.08956247346884784,67579.46058776672,65449.626315544854,0.7323022762348953,0.9551743128898397,4.253046707015203e-06,2.723012410498084e-05,0.11165334422580783,0.9074654610159433,1.0190855855623226,1.1287383340036423
1.2253588189382394,0.06722240103563315,0.02826526167169142,0.1478487227716927,3.3337930293857942,0.9874399634331212,0.01270578607192643,962.2868898488208,564.9176552979466,2149.79292659565,735.8830637981753,0.05983670648528989,0.06348276710404845,70594.13312930254,65772.2481704519,0.7357484438323968,0.9683559120040534,4.270519897699359e-06,1.785936391239867e-05,0.17710814421199358,0.8683183864133411,1.0579055769976318,1.1095899268753866
1.236385835541414,0.06663597420360422,0.03229002987812549,0.15322406059253946,3.4820432805431385,0.9706212013126908,0.00797255370804291,1006.5158468504698,551.222302636883,1880.5421825703183,823.2039942761644,0.059380212390230405,0.07472377576615988,69572.60920973559,65099.933524998276,0.744937489791207,0.9538188480173506,3.69326404892119e-06,2.835783766243716e-05,0.16637422000876226,0.9317441508184645,0.9785514419309905,1.0331528907534426
1.2286398465264132,0.05719103120292272,0.035703293958797934,0.1856631651078642,3.72849647102169,0.9859324332908175,0.012237878677873192,934.200560949855,569.6742605801874,1916.6637831246308,840.6655377697706,0.06587516993170098,0.07462540676327294,76918.24596832435,76539.489467408,0.695015762796631,0.9448737447600251,4.8239870690600465e-06,2.4584710555303656e-05,0.13875310779817576,0.982277769616899,1.023002550353585,0.908251115507747
1.2640881776333803,0.07134015335264626,0.028441086155272053,0.15640520069112102,3.0205610824033733,0.9860211328691257,0.009762714991641653,1026.174021314044,548.9405443487105,1864.9105458368401,855.6085898688544,0.08490540633988373,0.0794505860625062,60670.95030957604,75113.14696849984,0.7886961083243891,0.9588698741498509,3.7870847868964567e-06,2.0749527446628038e-05,0.1289598170988904,0.9664621242298439,0.9968335704743421,0.9612788709143176
1.235576120765007,0.07355126266429632,0.036939654843043,0.14111248264037518,2.90200026685005,0.9862847198046508,0.006658550280112097,1019.0706295377431,648.0847831057387,1956.3756028545106,970.9526378662673,0.05502408031703018,0.09823404689248544,71989.88754920164,69237.43662795881,0.7483748846038968,0.9523229140661552,3.4156721201225244e-06,2.4086340204543857e-05,0.15909719717045978,0.8637594813941547,1.0683793013322558,1.0995927927644296
1.2073190909586644,0.07487596249279593,0.03366098050733893,0.17052601234573325,2.8281245709423826,0.9894504110892993,0.006338155817040687,991.049380654688,470.4195744328278,1995.9968080848953,1044.6451665123768,0.0586342833516957,0.10309640962537198,66289.11391018226,71890.06351026287,0.7582959340090522,0.9470032337195089,2.667189086589388e-06,1.923990231332643e-05,0.113820753076779,1.0567946814298954,1.0370669765420852,0.9909246118072788
1.2457903785318136,0.07063223268677912,0.027068875825831618,0.1400432482753427,3.2796110638741127,0.9869959919516851,0.01190005538935885,986.282954614235,546.5878843985564,2234.2806690581756,880.9855054614884,0.05170361681922778,0.0843976606423103,68316.55117241005,66246.48727719873,0.7543305000318612,0.9469819584227039,3.4463353948978577e-06,1.787583261365642e-05,0.10405761991084074,0.924930678157729,0.986217523670938,0.9787089079226856
1.2270528383933381,0.06515713926804259,0.029726805002873752,0.1709560549088364,3.2069570271167405,0.9872273297617087,0.014428597941240705,964.3123693992372,548.3402835150158,1879.2577221344352,694.9948633885803,0.0809146871904633,0.09193726067499938,76634.27905946482,69159.51747840922,0.7784086032522057,0.9520668776661952,3.930358410785658e-06,2.003424685056833e-05,0.13893629391567924,1.0846617011669952,0.9704561162489611,0.8346710405975714
1.2527925157624764,0.06976337683594205,0.028629297464178693,0.14534110662379926,2.8962123661897565,0.9902901987075793,0.011387019509629302,1049.1742578127298,493.3578223624357,2160.0901248355467,999.2063614348,0.05163400285074061,0.09043018802516031,71442.23678470321,65315.26206779427,0.7808676930128432,0.9500786457644439,2.933087009958493e-06,2.3755498685595306e-05,0.10207658465944909,0.9057770015603609,0.9561033337753252,1.127767845530374
1.2340665368983825,0.0661946067766574,0.027009123293918694,0.13877700179571217,2.8718586532864365,0.979378323439854,0.014690967696309058,1112.4471576858045,533.1526304149644,2105.4452723127256,978.0799998770099,0.07165218264360954,0.07714518945017977,74071.11471012318,66538.54667911907,0.7696648940787859,0.9527939593070266,4.7030141231459686e-06,1.9815684672052553e-05,0.1560864626197433,0.8234023121440156,1.041396072077937,1.1541630394690618
1.2361177611724794,0.06864887091181457,0.034332452349466455,0.187828430015388,3.3852558738502236,0.988104568612523,0.016972242021739303,903.5223016594821,575.7996391613294,1957.929577737056,803.5111491650865,0.06633138664846824,0.07382904260721684,78548.34496305423,67170.92429578587,0.7672221229658505,0.9501180507839645,3.7856412521312757e-06,2.555027734103588e-05,0.09581091738274022,1.1017418442752454,1.00031166211538,0.9481805848640856
1.226827862376171,0.07056865280887846,0.03128492663503672,0.14589617874026453,2.867022727928028,0.9770974042896375,0.014258571536936587,1053.8315625613316,630.473336818998,1919.8229754877586,739.5654050030863,0.07464594263487688,0.09471869364977262,66637.42094768785,73492.72382627444,0.7322544703103514,0.9365991735881272,2.973975851636615e-06,1.544672227554218e-05,0.14296103839952956,0.9965701876461535,1.0711530371661877,0.9570449046759899
1.2055702434369533,0.051361184333805605,0.037044279463878144,0.13028613304509618,3.8227044962896137,0.9778435751352768,0.007775458864969073,1064.7502697287287,652.6975254401807,1986.0169468343365,742.0159501240116,0.0809351240820005,0.07109252639290624,64560.20055344815,69804.36118915775,0.721896724622063,0.9452487124572931,2.6354813237197715e-06,2.5916167397711443e-05,0.12899573657159025,0.8917049002227586,1.0176524857378513,0.9606033748720846
1.2288439776752418,0.05432896873631723,0.028965155640922398,0.14200686164910603,3.632692915109666,0.9825807571854602,0.0121151198270548,1136.5891578267428,616.5377550187438,1900.501054096039,706.6777964731135,0.08832414064112534,0.07466500984648064,76800.99324961835,69253.2115876222,0.7761456318671922,0.9458511222257455,3.5950702466542317e-06,2.18198934368192e-05,0.12186604396079141,1.093586174103746,1.0727171913290643,0.9234806051055066
1.2237685266634917,0.06569991540445094,0.03110154157801634,0.1478571316006022,3.0544318651474054,0.9763127779029102,0.012124379106615107,1110.8834041184796,623.2391318355247,1979.4300227285933,818.4369800720425,0.08534606379432254,0.08039027837578148,73993.54638486735,72234.81587818956,0.7124918455349378,0.9441736761119233,5.063470754294727e-06,1.7161731863438312e-05,0.11866312145413782,0.9571650546121904,1.0703055608623266,1.0358697995937372
1.224026052971689,0.0607799537755444,0.029188411498516097,0.17788696231065004,3.598549537725641,0.9897000881402228,0.014422023974071458,1105.0288537735007,544.5295789024859,2168.424601576901,789.1545694897965,0.06133599911556639,0.11072466686899526,63047.39723465488,71431.00292244912,0.79468616315948,0.9558149096992942,4.136057780143848e-06,2.1053347723910744e-05,0.11091750402171079,1.0830260312216806,0.9760722325345212,1.0219495613622618
1.2147760117685142,0.06188835285618401,0.027419201904167717,0.14228101923133407,3.056912904912645,0.9894077905027638,0.010970155653408238,823.8542729397379,563.9954556997671,2055.382777798223,655.5207578711979,0.06892241032001398,0.096025254668687,72232.36831921546,65906.3378074534,0.7993916407083512,0.9495902803395986,3.3648165476910374e-06,2.0935932704242164e-05,0.1544669121795135,1.05534494242888,0.97124437771452,1.1069018464882332
1.223028206764028,0.06543559538284932,0.0322651656386266,0.15262071779866956,2.834337799860206,0.9763948650654044,0.018527622296358206,1096.3209749587352,574.1362603866855,2023.0758053108593,973.2904899905691,0.08122581639215654,0.09307055564928188,72527.86624524722,65090.67987429095,0.7580888789208057,0.9375547315038837,4.777957602000732e-06,1.812040092525683e-05,0.12670678893335546,1.0172457192188546,0.9902717669239265,1.0298585223072618
1.2285063331173465,0.05654067254442245,0.03458704110861933,0.16502691618690313,3.5799492250423253,0.990472582532457,0.012350391258188239,985.1011293785973,652.805259840277,2220.861869718129,790.1148252878588,0.09533259711872002,0.11112838011519857,66429.0453393662,78373.33176952305,0.7570846441413556,0.942788778826718,4.046956385804576e-06,1.9518697697271076e-05,0.17827293837934932,1.0080372386791174,1.0631743106542486,1.0491408929637418
1.2332358922540732,0.07613875161549971,0.0314461001586513,0.1446111526818461,3.2027206582980563,0.9872933952068274,0.009224420403179907,1066.8755014486203,631.0023249685801,2001.040489098436,869.6690458720199,0.07975928179549566,0.09272972768270663,66506.207606177,71288.05798134026,0.7272079273147413,0.950038244393773,4.122240788827761e-06,1.9899980824164512e-05,0.10259268550481915,0.9850652334180108,1.121716025570193,1.0158063158280197
1.2144057560688357,0.07565068860505744,0.03137674266797013,0.15322490063293126,3.4256987139584574,0.9823004476437844,0.014479840548459057,1042.1310462764054,587.0072021987869,1874.119101315851,802.461496395128,0.0744007839817095,0.08071056605961553,62792.62712581798,68105.20062758523,0.7718436448218925,0.9364898333197734,2.9821003145545617e-06,2.1860749491248623e-05,0.10022974811293889,1.0156127149613743,1.0584821223166263,1.1402072160991146
1.237556294931777,0.06353608320882671,0.02958870079175579,0.17817373317484436,3.861000995415376,0.9805691125736646,0.008718452179946391,1104.4947342053192,563.5245173608604,2134.9895813137264,864.3000442892551,0.07293423799980273,0.07404491860901585,64698.12128020113,75520.41845975272,0.7267183828887179,0.9465751179600215,5.05166094168261e-06,2.4265290069022335e-05,0.11523338069466753,1.1120808989872324,1.0472380917006883,0.7351166268544987
1.242031247956753,0.05618325207928481,0.02729495821687964,0.13365171772339784,3.0291892265223246,0.9904720511285608,0.011393346479185875,1126.2414777914155,523.123029443555,1862.092017133064,939.5316122445244,0.07190735619876873,0.07357605670808114,65189.7860157205,69990.58921949394,0.7565999514085233,0.9526928706523876,3.9256473807261195e-06,2.0261503350097183e-05,0.14236327749692215,0.8902873287693313,1.0183994919386874,0.8361774369411669
1.2193975129014056,0.07077553421274364,0.029541853237646645,0.14755345880975843,3.2503220341476613,0.9852871903254535,0.011130525447694002,992.2987367241778,542.927373185303,1800.6894748613431,837.96571193931,0.08331005670670999,0.09814270239306905,73486.97134163968,70101.07077692855,0.722002297178595,0.9493732360136456,3.8131532222806187e-06,2.0270635856689148e-05,0.19686969810265487,0.9759289361819382,0.9775868731791497,0.8956617093445541
1.2458221386968864,0.06399600395637492,0.034326649277154835,0.15406842865338172,3.696069387271752,0.9908707605583195,0.012179820988207348,1012.8301103043051,514.9824949003258,1810.134093957991,884.4007739864995,0.06720701233299642,0.07779750765084797,66305.62730709766,68256.27571842508,0.754226214678962,0.9428014081290083,3.023644733927296e-06,2.7589368223544534e-05,0.15136985109825016,0.9735428244810758,0.9598998249689948,0.9472625852810579
1.2202463690566852,0.0612932499140422,0.03204454258309973,0.13506483859673224,2.7357405601639315,0.9924945408760945,0.007557913584607534,1048.4253504677185,525.8369003832123,2134.809589698982,919.5741596765209,0.055483067528410895,0.07226591639893927,65174.48743794879,78550.23094054918,0.7209831799549876,0.944907056585991,3.7608190076272263e-06,3.263002320434399e-05,0.1013212742411724,1.0445283056183958,1.0226557184693759,0.9291857455796935
1.2281192934263923,0.06587810317136342,0.03246360635429404,0.16250334936408034,2.909132742713369,0.987397624635087,0.011864209775716278,969.5006986698315,524.0129526370905,1858.8253956190422,1047.8902598442342,0.056766708675654816,0.09359175957057303,62510.4338414064,69069.19003191551,0.7543080028695313,0.9398901185858598,2.5684615008935704e-06,1.8820480963263587e-05,0.10819671837621167,0.9660100758105785,0.9691670253602493,0.986124227744619
1.232075519835297,0.06742136352512137,0.03937110262035003,0.12171904516267718,2.8686027512264225,0.9864264211386254,0.012257538276020935,951.8428723261727,535.7696980127309,1987.3216615399429,926.5396074404096,0.07911186081319588,0.08216401387218467,64042.87211697901,73919.09160433711,0.7584036312400317,0.9430378079495951,2.9405603837374805e-06,1.8885826610751324e-05,0.1879363977377072,1.0196654753865113,1.0554517627711073,1.124266119835635
